{
   "0.2": {
      "MeanAoI": 51.847236130215826,
      "MaxRMSE": 1.4933876703840496
   },
   "0.4": {
      "MeanAoI": 28.24811930047887,
      "MaxRMSE": 1.1933879724282304
   },
   "0.6": {
      "MeanAoI": 21.015067417145197,
      "MaxRMSE": 0.5874763303271912
   },
   "0.8": {
      "MeanAoI": 17.673088229421253,
      "MaxRMSE": 0.6436561596626107
   },
   "1.0": {
      "MeanAoI": 15.81113060358308,
      "MaxRMSE": 0.6386728599170061
   },
   "1.2": {
      "MeanAoI": 14.63760380878586,
      "MaxRMSE": NaN
   },
   "1.4": {
      "MeanAoI": 13.829195879945916,
      "MaxRMSE": 0.4093144027115122
   },
   "1.6": {
      "MeanAoI": 13.296127177963506,
      "MaxRMSE": 0.49013098685994594
   },
   "1.8": {
      "MeanAoI": 12.869438031654676,
      "MaxRMSE": NaN
   },
   "2.0": {
      "MeanAoI": 12.515105328878587,
      "MaxRMSE": 0.6856624836550635
   },
   "2.2": {
      "MeanAoI": 12.222548144440987,
      "MaxRMSE": 0.41157436307609646
   }
}