{
   "0.2": {
      "MeanAoI": 52.12209154624315,
      "MaxRMSE": 1.2350061162170918
   },
   "0.4": {
      "MeanAoI": 28.28299751292748,
      "MaxRMSE": 1.1031611066836782
   },
   "0.6": {
      "MeanAoI": 20.978967286289784,
      "MaxRMSE": 0.5864871424352971
   },
   "0.8": {
      "MeanAoI": 17.659718348129505,
      "MaxRMSE": 0.5787841626860865
   },
   "1.0": {
      "MeanAoI": 15.788397272913151,
      "MaxRMSE": 0.47982787037406865
   },
   "1.2": {
      "MeanAoI": 14.638882120145647,
      "MaxRMSE": NaN
   },
   "1.4": {
      "MeanAoI": 13.894256036378314,
      "MaxRMSE": 0.469790707487534
   },
   "1.6": {
      "MeanAoI": 13.324240407274727,
      "MaxRMSE": NaN
   },
   "1.8": {
      "MeanAoI": 12.88307424234611,
      "MaxRMSE": 0.4174501543315762
   },
   "2.0": {
      "MeanAoI": 12.557972300968254,
      "MaxRMSE": 0.4355430440768507
   },
   "2.2": {
      "MeanAoI": 12.178825751616843,
      "MaxRMSE": 0.6688025376791961
   }
}