{
   "0.2": {
      "MeanAoI": 51.78142873600841,
      "MaxRMSE": 1.4497653401466313
   },
   "0.4": {
      "MeanAoI": 28.247475938436295,
      "MaxRMSE": 0.7210287697794339
   },
   "0.6": {
      "MeanAoI": 21.021667855378343,
      "MaxRMSE": 0.6266126455763247
   },
   "0.8": {
      "MeanAoI": 17.78508809510577,
      "MaxRMSE": 0.6077528510799439
   },
   "1.0": {
      "MeanAoI": 15.830286711315882,
      "MaxRMSE": 0.647763559997736
   },
   "1.2": {
      "MeanAoI": 14.686680536531288,
      "MaxRMSE": 0.628506948575049
   },
   "1.4": {
      "MeanAoI": 13.828243496774185,
      "MaxRMSE": 0.5303753573814878
   },
   "1.6": {
      "MeanAoI": 13.267671120935328,
      "MaxRMSE": 0.41098035082793183
   },
   "1.8": {
      "MeanAoI": 12.829488983610837,
      "MaxRMSE": 0.42601345184399264
   },
   "2.0": {
      "MeanAoI": 12.550632894071674,
      "MaxRMSE": 0.4666572130639635
   },
   "2.2": {
      "MeanAoI": 12.244689177534207,
      "MaxRMSE": 0.478388764365286
   }
}