{
   "30": {
      "MeanAoI": 2.345201830020218,
      "MeanPeakAoI": 3.3669995890441924
   },
   "31": {
      "MeanAoI": 2.4026095466589963,
      "MeanPeakAoI": 3.4541651593403127
   },
   "32": {
      "MeanAoI": 2.463020535393544,
      "MeanPeakAoI": 3.546471874521879
   },
   "33": {
      "MeanAoI": 2.513755696163905,
      "MeanPeakAoI": 3.6295181123087774
   },
   "34": {
      "MeanAoI": 2.568413679674976,
      "MeanPeakAoI": 3.714580688339742
   },
   "35": {
      "MeanAoI": 2.6282153734720612,
      "MeanPeakAoI": 3.8019271757660227
   },
   "36": {
      "MeanAoI": 2.6630289899070627,
      "MeanPeakAoI": 3.8501747541249234
   },
   "37": {
      "MeanAoI": 2.7786972822647242,
      "MeanPeakAoI": 4.044441993503157
   },
   "38": {
      "MeanAoI": 2.8128622527946,
      "MeanPeakAoI": 4.092786814585309
   },
   "39": {
      "MeanAoI": 2.8452363372045504,
      "MeanPeakAoI": 4.139402070672341
   },
   "40": {
      "MeanAoI": 2.963518265189271,
      "MeanPeakAoI": 4.328586012940006
   },
   "41": {
      "MeanAoI": 3.0001589934568833,
      "MeanPeakAoI": 4.380176062492957
   },
   "42": {
      "MeanAoI": 3.034006124570025,
      "MeanPeakAoI": 4.426849667501331
   },
   "43": {
      "MeanAoI": 3.141922545055999,
      "MeanPeakAoI": 4.605732416602991
   },
   "44": {
      "MeanAoI": 3.195299504448836,
      "MeanPeakAoI": 4.681934081828382
   },
   "45": {
      "MeanAoI": 3.2757817204381454,
      "MeanPeakAoI": 4.8109464154638175
   },
   "46": {
      "MeanAoI": 3.3282594704213704,
      "MeanPeakAoI": 4.889480810186109
   },
   "47": {
      "MeanAoI": 3.3712329414450872,
      "MeanPeakAoI": 4.948891279130717
   },
   "48": {
      "MeanAoI": 3.490385646813968,
      "MeanPeakAoI": 5.132104310670587
   },
   "49": {
      "MeanAoI": 3.553082834824164,
      "MeanPeakAoI": 5.213933048718703
   },
   "50": {
      "MeanAoI": 3.608703613720719,
      "MeanPeakAoI": 5.312087052200587
   },
   "51": {
      "MeanAoI": 3.7041692628452596,
      "MeanPeakAoI": 5.449990998617819
   },
   "52": {
      "MeanAoI": 3.777490174833372,
      "MeanPeakAoI": 5.562917927056616
   },
   "53": {
      "MeanAoI": 3.808552282263331,
      "MeanPeakAoI": 5.614409484714655
   },
   "54": {
      "MeanAoI": 3.846946710527338,
      "MeanPeakAoI": 5.642563597061817
   },
   "55": {
      "MeanAoI": 3.9319849019385087,
      "MeanPeakAoI": 5.759994380408298
   },
   "56": {
      "MeanAoI": 4.0575390859669875,
      "MeanPeakAoI": 5.9802857757440675
   },
   "57": {
      "MeanAoI": 4.093380380180981,
      "MeanPeakAoI": 6.01964604846015
   },
   "58": {
      "MeanAoI": 4.208454027460015,
      "MeanPeakAoI": 6.194741312276375
   },
   "59": {
      "MeanAoI": 4.250167203628627,
      "MeanPeakAoI": 6.249880603849769
   },
   "60": {
      "MeanAoI": 4.362187102746787,
      "MeanPeakAoI": 6.419780801791541
   },
   "61": {
      "MeanAoI": 4.455510094596443,
      "MeanPeakAoI": 6.549087786914842
   },
   "62": {
      "MeanAoI": 4.518987353197676,
      "MeanPeakAoI": 6.642368837791948
   },
   "63": {
      "MeanAoI": 4.6017816691655575,
      "MeanPeakAoI": 6.754359051977976
   },
   "64": {
      "MeanAoI": 4.687882134851892,
      "MeanPeakAoI": 6.877646241902811
   },
   "65": {
      "MeanAoI": 4.763172125914336,
      "MeanPeakAoI": 6.99113924126591
   },
   "66": {
      "MeanAoI": 4.886083388751085,
      "MeanPeakAoI": 7.179027586770012
   },
   "67": {
      "MeanAoI": 4.962941593886632,
      "MeanPeakAoI": 7.287047356856201
   },
   "68": {
      "MeanAoI": 5.06956011110438,
      "MeanPeakAoI": 7.429275375924008
   },
   "69": {
      "MeanAoI": 5.143912764199982,
      "MeanPeakAoI": 7.546877197853438
   },
   "70": {
      "MeanAoI": 5.19204947512573,
      "MeanPeakAoI": 7.577698824012653
   },
   "71": {
      "MeanAoI": 5.3932618889073165,
      "MeanPeakAoI": 7.898529731993814
   },
   "72": {
      "MeanAoI": 5.38768883189173,
      "MeanPeakAoI": 7.8601610114693194
   },
   "73": {
      "MeanAoI": 5.5371877751088245,
      "MeanPeakAoI": 8.088550405565108
   },
   "74": {
      "MeanAoI": 5.601197400264378,
      "MeanPeakAoI": 8.169895792712893
   },
   "75": {
      "MeanAoI": 5.712597417034145,
      "MeanPeakAoI": 8.321629452360305
   },
   "76": {
      "MeanAoI": 5.806623957811287,
      "MeanPeakAoI": 8.438801787195652
   },
   "77": {
      "MeanAoI": 5.931306235874875,
      "MeanPeakAoI": 8.62070428695072
   },
   "78": {
      "MeanAoI": 5.978019005159586,
      "MeanPeakAoI": 8.669236168888178
   },
   "79": {
      "MeanAoI": 6.083838440708248,
      "MeanPeakAoI": 8.806801518604164
   },
   "80": {
      "MeanAoI": 6.236486468598042,
      "MeanPeakAoI": 9.032609881136285
   },
   "81": {
      "MeanAoI": 6.356016525375998,
      "MeanPeakAoI": 9.193757193627288
   },
   "82": {
      "MeanAoI": 6.442696329484618,
      "MeanPeakAoI": 9.319913811092043
   },
   "83": {
      "MeanAoI": 6.604787430925373,
      "MeanPeakAoI": 9.550693874407365
   },
   "84": {
      "MeanAoI": 6.659747239829774,
      "MeanPeakAoI": 9.600582354223073
   },
   "85": {
      "MeanAoI": 6.7703038613212305,
      "MeanPeakAoI": 9.74011877880216
   },
   "86": {
      "MeanAoI": 6.94858220590467,
      "MeanPeakAoI": 10.008690670462952
   },
   "87": {
      "MeanAoI": 7.085984381852965,
      "MeanPeakAoI": 10.181644704385759
   },
   "88": {
      "MeanAoI": 7.1775280376933885,
      "MeanPeakAoI": 10.311371363348094
   },
   "89": {
      "MeanAoI": 7.25981506485405,
      "MeanPeakAoI": 10.395502830301758
   },
   "90": {
      "MeanAoI": 7.468705118731306,
      "MeanPeakAoI": 10.68671502265421
   },
   "91": {
      "MeanAoI": 7.527652169458935,
      "MeanPeakAoI": 10.758423655833761
   },
   "92": {
      "MeanAoI": 7.649345431849147,
      "MeanPeakAoI": 10.916205087536007
   },
   "93": {
      "MeanAoI": 7.810024796026774,
      "MeanPeakAoI": 11.131196472903444
   },
   "94": {
      "MeanAoI": 7.959619385065507,
      "MeanPeakAoI": 11.335600415965834
   },
   "95": {
      "MeanAoI": 8.073767170280998,
      "MeanPeakAoI": 11.497619879926193
   },
   "96": {
      "MeanAoI": 8.220772391869504,
      "MeanPeakAoI": 11.674075227695328
   },
   "97": {
      "MeanAoI": 8.351184590144692,
      "MeanPeakAoI": 11.826759730175112
   },
   "98": {
      "MeanAoI": 8.586076954864254,
      "MeanPeakAoI": 12.199514816857306
   },
   "99": {
      "MeanAoI": 8.637246554444783,
      "MeanPeakAoI": 12.202762961266572
   },
   "100": {
      "MeanAoI": 8.809368585302769,
      "MeanPeakAoI": 12.434405852274956
   },
   "101": {
      "MeanAoI": 8.99119898162735,
      "MeanPeakAoI": 12.672081600632282
   },
   "102": {
      "MeanAoI": 9.091590767155754,
      "MeanPeakAoI": 12.811753207126758
   },
   "103": {
      "MeanAoI": 9.343359164266815,
      "MeanPeakAoI": 13.144853631267646
   },
   "104": {
      "MeanAoI": 9.513038082167643,
      "MeanPeakAoI": 13.384988956927858
   },
   "105": {
      "MeanAoI": 9.70324147306815,
      "MeanPeakAoI": 13.596604839861467
   },
   "106": {
      "MeanAoI": 9.78279446490625,
      "MeanPeakAoI": 13.678207403100567
   },
   "107": {
      "MeanAoI": 9.942001516055557,
      "MeanPeakAoI": 13.899645212558418
   },
   "108": {
      "MeanAoI": 10.11207455320413,
      "MeanPeakAoI": 14.104521968379785
   },
   "109": {
      "MeanAoI": 10.34333460587838,
      "MeanPeakAoI": 14.413077653504821
   },
   "110": {
      "MeanAoI": 10.52090242807948,
      "MeanPeakAoI": 14.657535241124076
   },
   "111": {
      "MeanAoI": 10.65397560335462,
      "MeanPeakAoI": 14.821747713480546
   },
   "112": {
      "MeanAoI": 10.764163789346984,
      "MeanPeakAoI": 14.909408321330554
   },
   "113": {
      "MeanAoI": 11.014298782063936,
      "MeanPeakAoI": 15.231960502410601
   },
   "114": {
      "MeanAoI": 11.199140865466438,
      "MeanPeakAoI": 15.455836804409921
   },
   "115": {
      "MeanAoI": 11.41521927324708,
      "MeanPeakAoI": 15.77030889460377
   },