{
   "0.2": {
      "MeanAoI": 8.415401799893525,
      "RMSE": 0.029974035804030717,
      "Preempted": 31234,
      "Obsolete": 0
   },
   "0.4": {
      "MeanAoI": 5.052700234511926,
      "RMSE": 0.019963384315898926,
      "Preempted": 58742,
      "Obsolete": 0
   },
   "0.6": {
      "MeanAoI": 4.030470680528005,
      "RMSE": 0.008860843596707522,
      "Preempted": 82450,
      "Obsolete": 0
   },
   "0.8": {
      "MeanAoI": 3.5637470526759736,
      "RMSE": 0.008947461634045294,
      "Preempted": 103793,
      "Obsolete": 0
   },
   "1.0": {
      "MeanAoI": 3.3615600635722163,
      "RMSE": 0.006842581626616677,
      "Preempted": 122359,
      "Obsolete": 0
   },
   "1.2": {
      "MeanAoI": 3.2913764489669766,
      "RMSE": 0.010699546274025225,
      "Preempted": 137806,
      "Obsolete": 0
   },
   "1.4": {
      "MeanAoI": 3.2594457633030385,
      "RMSE": 0.010222482133525435,
      "Preempted": 150946,
      "Obsolete": 0
   },
   "1.6": {
      "MeanAoI": 3.321124802297673,
      "RMSE": 0.012439603462157044,
      "Preempted": 163914,
      "Obsolete": 0
   },
   "1.8": {
      "MeanAoI": 3.4258775414704346,
      "RMSE": 0.006113879698549067,
      "Preempted": 174088,
      "Obsolete": 0
   },
   "2.0": {
      "MeanAoI": 3.538336610290084,
      "RMSE": 0.0049655813050943935,
      "Preempted": 182881,
      "Obsolete": 0
   },
   "2.2": {
      "MeanAoI": 3.659547676018728,
      "RMSE": 0.03490111365195329,
      "Preempted": 190645,
      "Obsolete": 0
   },
   "2.4": {
      "MeanAoI": 3.8386281149773342,
      "RMSE": 0.013828403893083985,
      "Preempted": 197451,
      "Obsolete": 0
   },
   "2.6": {
      "MeanAoI": 4.02892698893219,
      "RMSE": 0.018187274560767953,
      "Preempted": 203725,
      "Obsolete": 0
   },
   "2.8": {
      "MeanAoI": 4.231069155035863,
      "RMSE": 0.03915961874737966,
      "Preempted": 208555,
      "Obsolete": 0
   },
   "3.0": {
      "MeanAoI": 4.485956654115832,
      "RMSE": 0.033162878921260186,
      "Preempted": 213315,
      "Obsolete": 0
   },
   "3.2": {
      "MeanAoI": 4.672297927476889,
      "RMSE": 0.03447561298540944,
      "Preempted": 216921,
      "Obsolete": 0
   },
   "3.4": {
      "MeanAoI": 5.041283320628436,
      "RMSE": 0.030211585303815215,
      "Preempted": 221037,
      "Obsolete": 0
   },
   "3.6": {
      "MeanAoI": 5.261890866247298,
      "RMSE": 0.05915062022314047,
      "Preempted": 223747,
      "Obsolete": 0
   },
   "3.8": {
      "MeanAoI": 5.5898105440723,
      "RMSE": 0.07580840811833235,
      "Preempted": 226524,
      "Obsolete": 0
   },
   "4.0": {
      "MeanAoI": 6.042059656810126,
      "RMSE": 0.035321849566428844,
      "Preempted": 228850,
      "Obsolete": 0
   },
   "4.2": {
      "MeanAoI": 6.39084733673285,
      "RMSE": 0.0682320770166654,
      "Preempted": 231256,
      "Obsolete": 0
   },
   "4.4": {
      "MeanAoI": 6.795820896219402,
      "RMSE": 0.10834121830386129,
      "Preempted": 232998,
      "Obsolete": 0
   },
   "4.6": {
      "MeanAoI": 7.21820189376876,
      "RMSE": 0.14881165667686783,
      "Preempted": 234591,
      "Obsolete": 0
   },
   "4.8": {
      "MeanAoI": 7.7365685994075655,
      "RMSE": 0.1619816709231024,
      "Preempted": 236259,
      "Obsolete": 0
   }
}