{
   "0.2": {
      "MeanAoI": 8.300659121064756,
      "RMSE": 0.056581730803978776,
      "Preempted": 3832,
      "Obsolete": 0
   },
   "0.4": {
      "MeanAoI": 4.922164956295445,
      "RMSE": 0.009671421441128683,
      "Preempted": 13207,
      "Obsolete": 0
   },
   "0.6": {
      "MeanAoI": 3.8369769732505543,
      "RMSE": 0.013567524705978721,
      "Preempted": 25906,
      "Obsolete": 0
   },
   "0.8": {
      "MeanAoI": 3.365815220920666,
      "RMSE": 0.003650207926442654,
      "Preempted": 39371,
      "Obsolete": 0
   },
   "1.0": {
      "MeanAoI": 3.1129940454222544,
      "RMSE": 0.006071626514563394,
      "Preempted": 53491,
      "Obsolete": 0
   },
   "1.2": {
      "MeanAoI": 2.950745940807834,
      "RMSE": 0.002242784800761715,
      "Preempted": 67105,
      "Obsolete": 0
   },
   "1.4": {
      "MeanAoI": 2.848951103317989,
      "RMSE": 0.004304264290428667,
      "Preempted": 79840,
      "Obsolete": 0
   },
   "1.6": {
      "MeanAoI": 2.7894883991907395,
      "RMSE": 0.0096601862887981,
      "Preempted": 91303,
      "Obsolete": 0
   },
   "1.8": {
      "MeanAoI": 2.737950466596122,
      "RMSE": 0.007771272038185641,
      "Preempted": 101497,
      "Obsolete": 0
   },
   "2.0": {
      "MeanAoI": 2.7165093774348743,
      "RMSE": 0.006796473533144616,
      "Preempted": 111019,
      "Obsolete": 0
   },
   "2.2": {
      "MeanAoI": 2.6912945653254177,
      "RMSE": 0.0033204126194201107,
      "Preempted": 120050,
      "Obsolete": 0
   },
   "2.4": {
      "MeanAoI": 2.671255115386479,
      "RMSE": 0.008343584163007884,
      "Preempted": 127115,
      "Obsolete": 0
   },
   "2.6": {
      "MeanAoI": 2.6359718531524288,
      "RMSE": 0.004955307254253181,
      "Preempted": 133901,
      "Obsolete": 0
   },
   "2.8": {
      "MeanAoI": 2.6256357910595156,
      "RMSE": 0.011431508249287773,
      "Preempted": 140233,
      "Obsolete": 0
   },
   "3.0": {
      "MeanAoI": 2.6175766813503305,
      "RMSE": 0.011189827092332771,
      "Preempted": 145951,
      "Obsolete": 0
   },
   "3.2": {
      "MeanAoI": 2.594446191582599,
      "RMSE": 0.0033494825340853645,
      "Preempted": 150998,
      "Obsolete": 0
   },
   "3.4": {
      "MeanAoI": 2.596428979163147,
      "RMSE": 0.0021906855122836443,
      "Preempted": 155492,
      "Obsolete": 0
   },
   "3.6": {
      "MeanAoI": 2.587297540750542,
      "RMSE": 0.0025349390917061994,
      "Preempted": 160445,
      "Obsolete": 0
   },
   "3.8": {
      "MeanAoI": 2.5649578800915314,
      "RMSE": 0.006607011973175146,
      "Preempted": 163981,
      "Obsolete": 0
   },
   "4.0": {
      "MeanAoI": 2.5641334838388166,
      "RMSE": 0.008688848488062086,
      "Preempted": 167986,
      "Obsolete": 0
   },
   "4.2": {
      "MeanAoI": 2.551906925113527,
      "RMSE": 0.0032536522384401982,
      "Preempted": 171176,
      "Obsolete": 0
   },
   "4.4": {
      "MeanAoI": 2.5456685228627447,
      "RMSE": 0.006891182407470727,
      "Preempted": 174452,
      "Obsolete": 0
   },
   "4.6": {
      "MeanAoI": 2.5385685575349246,
      "RMSE": 0.011871985517548464,
      "Preempted": 177077,
      "Obsolete": 0
   },
   "4.8": {
      "MeanAoI": 2.519477993448563,
      "RMSE": 0.006729889884808188,
      "Preempted": 179698,
      "Obsolete": 0
   }
}