{
   "0.2": {
      "MeanAoI": 8.291415242484483,
      "RMSE": 0.04910676619837741,
      "Preempted": 8012,
      "Obsolete": 0
   },
   "0.4": {
      "MeanAoI": 4.8939637609983,
      "RMSE": 0.014554662674493101,
      "Preempted": 24427,
      "Obsolete": 0
   },
   "0.6": {
      "MeanAoI": 3.779257424218339,
      "RMSE": 0.003202164636295025,
      "Preempted": 42116,
      "Obsolete": 0
   },
   "0.8": {
      "MeanAoI": 3.255015868847523,
      "RMSE": 0.013313097881981683,
      "Preempted": 59830,
      "Obsolete": 0
   },
   "1.0": {
      "MeanAoI": 2.9614925520391457,
      "RMSE": 0.005762441537166005,
      "Preempted": 76015,
      "Obsolete": 0
   },
   "1.2": {
      "MeanAoI": 2.7748424883445755,
      "RMSE": 0.0032791969852320755,
      "Preempted": 91105,
      "Obsolete": 0
   },
   "1.4": {
      "MeanAoI": 2.648592788173823,
      "RMSE": 0.009803511973206239,
      "Preempted": 103965,
      "Obsolete": 0
   },
   "1.6": {
      "MeanAoI": 2.5670770649583563,
      "RMSE": 0.0031383581573428436,
      "Preempted": 115698,
      "Obsolete": 0
   },
   "1.8": {
      "MeanAoI": 2.5088191902969355,
      "RMSE": 0.007034097610362212,
      "Preempted": 126507,
      "Obsolete": 0
   },
   "2.0": {
      "MeanAoI": 2.4714731699229993,
      "RMSE": 0.004165909363667507,
      "Preempted": 135985,
      "Obsolete": 0
   },
   "2.2": {
      "MeanAoI": 2.4229903176963545,
      "RMSE": 0.00569253748211229,
      "Preempted": 143380,
      "Obsolete": 0
   },
   "2.4": {
      "MeanAoI": 2.409690509234496,
      "RMSE": 0.0035493983378907124,
      "Preempted": 150972,
      "Obsolete": 0
   },
   "2.6": {
      "MeanAoI": 2.3834860571536725,
      "RMSE": 0.005918605648346353,
      "Preempted": 156818,
      "Obsolete": 0
   },
   "2.8": {
      "MeanAoI": 2.3726633825807264,
      "RMSE": 0.0078071980699278825,
      "Preempted": 162661,
      "Obsolete": 0
   },
   "3.0": {
      "MeanAoI": 2.367324444196408,
      "RMSE": 0.005583504786088758,
      "Preempted": 167856,
      "Obsolete": 0
   },
   "3.2": {
      "MeanAoI": 2.356501519230706,
      "RMSE": 0.005566752013204888,
      "Preempted": 172288,
      "Obsolete": 0
   },
   "3.4": {
      "MeanAoI": 2.3522231132736837,
      "RMSE": 0.005827356398091647,
      "Preempted": 176481,
      "Obsolete": 0
   },
   "3.6": {
      "MeanAoI": 2.343678049871637,
      "RMSE": 0.004776127081570039,
      "Preempted": 180477,
      "Obsolete": 0
   },
   "3.8": {
      "MeanAoI": 2.3314851412204045,
      "RMSE": 0.00600548773992121,
      "Preempted": 183858,
      "Obsolete": 0
   },
   "4.0": {
      "MeanAoI": 2.3252891300331058,
      "RMSE": 0.009645028640377517,
      "Preempted": 186538,
      "Obsolete": 0
   },
   "4.2": {
      "MeanAoI": 2.3329459439553815,
      "RMSE": 0.007224141647643817,
      "Preempted": 189864,
      "Obsolete": 0
   },
   "4.4": {
      "MeanAoI": 2.3245734803110927,
      "RMSE": 0.006192583176635889,
      "Preempted": 192030,
      "Obsolete": 0
   },
   "4.6": {
      "MeanAoI": 2.3307530006533974,
      "RMSE": 0.004836279509621323,
      "Preempted": 194877,
      "Obsolete": 0
   },
   "4.8": {
      "MeanAoI": 2.3354947960195376,
      "RMSE": 0.004614641708634874,
      "Preempted": 197185,
      "Obsolete": 0
   }
}